start,destination,time_complexity
Delhi,Kolkata,0.05456709861755371
Delhi,Chennai,0.022203445434570312
Delhi,Hyderabad,0.05612897872924805
Delhi,Mumbai,0.03622579574584961
Delhi,Lucknow,0.038385629653930664